,,,batch1,,Batch2,
,,,change,pct,change,pct
,,,A->G,33.27,A->G,25.32
,,,T->C,21.17,T->C,16.09
,,,G->A,9.8,G->A,12.13
,,,C->T,8.7,C->T,10.45
,,,A->T,7.14,G->T,8.7
,,,G->T,6.36,A->T,7.64
,,,T->A,5.02,T->A,5.39
,,,C->A,3.77,C->A,5.38
,,,A->C,1.53,G->C,2.98
,,,G->C,1.08,C->G,2.52
,,,T->G,1.02,A->C,1.9
,,,C->G,0.93,T->G,1.25
,,,AA->GG,0.02,GA->AG,0.01
,,,GA->AG,0.01,CA->AG,0.01
,,,GA->TG,0.01,GA->TG,0.01
,,,GG->AA,0.01,GA->TT,0.01
,,,AG->GA,0.01,CC->AA,0.01
,,,AC->GT,0.01,GG->AA,0.01
,,,AT->GC,0.01,GG->AT,0.01
,,,TT->CC,0.01,GG->TA,0.01
,,,,,GG->TT,0.01
,,,,,GT->TC,0.01
,,,,,AG->GA,0.01
,,,,,AA->GG,0.01
,,,,,AC->GA,0.01
,,,,,AT->GC,0.01
,,,,,TG->CT,0.01
,,,,,TT->CC,0.01
